{
	"info": {
		"_postman_id": "91c3dd79-00ad-498d-a57c-b9ff93c590bf",
		"name": "Dentist-Project",
		"schema": "https://schema.getpostman.com/json/collection/v2.1.0/collection.json",
		"_exporter_id": "42418923"
	},
	"item": [
		{
			"name": "Dentists",
			"item": [
				{
					"name": "Get All Dentists",
					"request": {
						"method": "GET",
						"header": [],
						"url": {
							"raw": "{{URL}}/api/v1/dentists",
							"host": [
								"{{URL}}"
							],
							"path": [
								"api",
								"v1",
								"dentists"
							]
						}
					},
					"response": []
				},
				{
					"name": "Get Single Dentist",
					"request": {
						"auth": {
							"type": "bearer",
							"bearer": [
								{
									"key": "token",
									"value": "{{TOKEN}}",
									"type": "string"
								}
							]
						},
						"method": "GET",
						"header": [],
						"url": {
							"raw": "{{URL}}/api/v1/dentists/:dentistID",
							"host": [
								"{{URL}}"
							],
							"path": [
								"api",
								"v1",
								"dentists",
								":dentistID"
							],
							"variable": [
								{
									"key": "dentistID",
									"value": "3"
								}
							]
						}
					},
					"response": []
				},
				{
					"name": "Create New Dentist",
					"request": {
						"auth": {
							"type": "bearer",
							"bearer": [
								{
									"key": "token",
									"value": "{{TOKEN}}",
									"type": "string"
								}
							]
						},
						"method": "POST",
						"header": [
							{
								"key": "Content-Type",
								"value": "application/json",
								"description": "JSON Typе",
								"type": "text"
							}
						],
						"body": {
							"mode": "raw",
							"raw": "{\r\n    \"name\": \"Dr. {{$randomFullName}}\",\r\n    \"experience\": {{$randomInt}},\r\n    \"expertise\": \"{{$randomJobTitle}}\"\r\n}\r\n",
							"options": {
								"raw": {
									"language": "json"
								}
							}
						},
						"url": {
							"raw": "{{URL}}/api/v1/dentists",
							"host": [
								"{{URL}}"
							],
							"path": [
								"api",
								"v1",
								"dentists"
							]
						}
					},
					"response": []
				},
				{
					"name": "Update Single Dentist",
					"request": {
						"auth": {
							"type": "bearer",
							"bearer": [
								{
									"key": "token",
									"value": "{{TOKEN}}",
									"type": "string"
								}
							]
						},
						"method": "PUT",
						"header": [
							{
								"key": "Content-Type",
								"value": "application/json",
								"description": "JSON Typе",
								"type": "text"
							}
						],
						"body": {
							"mode": "raw",
							"raw": "{\r\n    \"name\": \"{{$randomFullName}}\",\r\n    \"experience\": \"69\",\r\n    \"expertise\": \"Wrestling\"\r\n}",
							"options": {
								"raw": {
									"language": "json"
								}
							}
						},
						"url": {
							"raw": "{{URL}}/api/v1/dentists/:dentistID",
							"host": [
								"{{URL}}"
							],
							"path": [
								"api",
								"v1",
								"dentists",
								":dentistID"
							],
							"variable": [
								{
									"key": "dentistID",
									"value": "2"
								}
							]
						}
					},
					"response": []
				},
				{
					"name": "Delete Single Dentist",
					"request": {
						"auth": {
							"type": "bearer",
							"bearer": [
								{
									"key": "token",
									"value": "{{TOKEN}}",
									"type": "string"
								}
							]
						},
						"method": "DELETE",
						"header": [],
						"url": {
							"raw": "{{URL}}/api/v1/dentists/:dentistID",
							"host": [
								"{{URL}}"
							],
							"path": [
								"api",
								"v1",
								"dentists",
								":dentistID"
							],
							"variable": [
								{
									"key": "dentistID",
									"value": "5"
								}
							]
						}
					},
					"response": []
				}
			]
		},
		{
			"name": "Authentication",
			"item": [
				{
					"name": "Register user",
					"event": [
						{
							"listen": "test",
							"script": {
								"exec": [
									"pm.environment.set(\"TOKEN\", pm.response.json().token);"
								],
								"type": "text/javascript",
								"packages": {}
							}
						},
						{
							"listen": "prerequest",
							"script": {
								"exec": [
									"const roles = [\"user\", \"admin\"];\r",
									"pm.environment.set(\"randomRole\", roles[Math.floor(Math.random() * roles.length)]);"
								],
								"type": "text/javascript",
								"packages": {}
							}
						}
					],
					"request": {
						"method": "POST",
						"header": [
							{
								"key": "Content-Type",
								"value": "application/json",
								"description": "JSON Typе",
								"type": "text"
							}
						],
						"body": {
							"mode": "raw",
							"raw": "{\r\n    \"name\": \"{{$randomFullName}}\",\r\n    \"email\": \"{{$randomEmail}}\",\r\n    \"phone\": \"{{$randomPhoneNumber}}\",\r\n    \"password\": \"{{$randomPassword}}\",\r\n    \"role\": \"{{randomRole}}\"\r\n}\r\n",
							"options": {
								"raw": {
									"language": "json"
								}
							}
						},
						"url": {
							"raw": "{{URL}}/api/v1/auth/register",
							"host": [
								"{{URL}}"
							],
							"path": [
								"api",
								"v1",
								"auth",
								"register"
							]
						}
					},
					"response": []
				},
				{
					"name": "Login",
					"event": [
						{
							"listen": "test",
							"script": {
								"exec": [
									"pm.environment.set(\"TOKEN\", pm.response.json().token);"
								],
								"type": "text/javascript",
								"packages": {}
							}
						}
					],
					"request": {
						"method": "POST",
						"header": [
							{
								"key": "Content-Type",
								"value": "application/json",
								"description": "JSON Typе",
								"type": "text"
							}
						],
						"body": {
							"mode": "raw",
							"raw": "{\r\n    \"email\":\"iLoveKaru@gmail.com\", \r\n    \"password\": \"1212312121\"\r\n}",
							"options": {
								"raw": {
									"language": "json"
								}
							}
						},
						"url": {
							"raw": "{{URL}}/api/v1/auth/login",
							"host": [
								"{{URL}}"
							],
							"path": [
								"api",
								"v1",
								"auth",
								"login"
							]
						}
					},
					"response": []
				},
				{
					"name": "Get Logged In User with Token",
					"protocolProfileBehavior": {
						"disableBodyPruning": true
					},
					"request": {
						"auth": {
							"type": "bearer",
							"bearer": [
								{
									"key": "token",
									"value": "{{TOKEN}}",
									"type": "string"
								}
							]
						},
						"method": "GET",
						"header": [
							{
								"key": "Content-Type",
								"value": "application/json",
								"description": "JSON Typе",
								"type": "text"
							},
							{
								"key": "Authorization",
								"value": "",
								"type": "text",
								"disabled": true
							}
						],
						"body": {
							"mode": "raw",
							"raw": "",
							"options": {
								"raw": {
									"language": "json"
								}
							}
						},
						"url": {
							"raw": "{{URL}}/api/v1/auth/me",
							"host": [
								"{{URL}}"
							],
							"path": [
								"api",
								"v1",
								"auth",
								"me"
							]
						}
					},
					"response": []
				},
				{
					"name": "Logout",
					"event": [
						{
							"listen": "test",
							"script": {
								"exec": [
									"pm.environment.set(\"TOKEN\", null);"
								],
								"type": "text/javascript",
								"packages": {}
							}
						}
					],
					"request": {
						"auth": {
							"type": "bearer",
							"bearer": [
								{
									"key": "token",
									"value": "{{TOKEN}}",
									"type": "string"
								}
							]
						},
						"method": "GET",
						"header": [],
						"url": {
							"raw": "{{URL}}/api/v1/auth/logout",
							"host": [
								"{{URL}}"
							],
							"path": [
								"api",
								"v1",
								"auth",
								"logout"
							]
						}
					},
					"response": []
				},
				{
					"name": "Get All Users",
					"request": {
						"auth": {
							"type": "bearer",
							"bearer": [
								{
									"key": "token",
									"value": "{{TOKEN}}",
									"type": "string"
								}
							]
						},
						"method": "GET",
						"header": [],
						"url": {
							"raw": "{{URL}}/api/v1/auth/users",
							"host": [
								"{{URL}}"
							],
							"path": [
								"api",
								"v1",
								"auth",
								"users"
							]
						}
					},
					"response": []
				},
				{
					"name": "Get Only Users",
					"request": {
						"auth": {
							"type": "bearer",
							"bearer": [
								{
									"key": "token",
									"value": "{{TOKEN}}",
									"type": "string"
								}
							]
						},
						"method": "GET",
						"header": [],
						"url": {
							"raw": "{{URL}}/api/v1/auth/users/only",
							"host": [
								"{{URL}}"
							],
							"path": [
								"api",
								"v1",
								"auth",
								"users",
								"only"
							]
						}
					},
					"response": []
				},
				{
					"name": "Get Only Admins",
					"request": {
						"auth": {
							"type": "bearer",
							"bearer": [
								{
									"key": "token",
									"value": "{{TOKEN}}",
									"type": "string"
								}
							]
						},
						"method": "GET",
						"header": [],
						"url": {
							"raw": "{{URL}}/api/v1/auth/users/admins",
							"host": [
								"{{URL}}"
							],
							"path": [
								"api",
								"v1",
								"auth",
								"users",
								"admins"
							]
						}
					},
					"response": []
				},
				{
					"name": "Update Single User",
					"event": [
						{
							"listen": "prerequest",
							"script": {
								"exec": [
									"const roles = [\"user\", \"admin\"];\r",
									"pm.environment.set(\"randomRole\", roles[Math.floor(Math.random() * roles.length)]);"
								],
								"type": "text/javascript",
								"packages": {}
							}
						}
					],
					"request": {
						"auth": {
							"type": "bearer",
							"bearer": [
								{
									"key": "token",
									"value": "{{TOKEN}}",
									"type": "string"
								}
							]
						},
						"method": "PUT",
						"header": [],
						"body": {
							"mode": "raw",
							"raw": "{\r\n    \"name\": \"{{$randomFullName}}\",\r\n    \"email\": \"{{$randomEmail}}\",\r\n    \"phone\": \"{{$randomPhoneNumber}}\",\r\n    \"password\": \"{{$randomPassword}}\",\r\n    \"role\": \"{{randomRole}}\"\r\n}\r\n",
							"options": {
								"raw": {
									"language": "json"
								}
							}
						},
						"url": {
							"raw": "{{URL}}/api/v1/auth/users/:userID",
							"host": [
								"{{URL}}"
							],
							"path": [
								"api",
								"v1",
								"auth",
								"users",
								":userID"
							],
							"variable": [
								{
									"key": "userID",
									"value": "24"
								}
							]
						}
					},
					"response": []
				},
				{
					"name": "Delete Single User",
					"request": {
						"auth": {
							"type": "bearer",
							"bearer": [
								{
									"key": "token",
									"value": "{{TOKEN}}",
									"type": "string"
								}
							]
						},
						"method": "DELETE",
						"header": [],
						"url": {
							"raw": "{{URL}}/api/v1/auth/users/:userID",
							"host": [
								"{{URL}}"
							],
							"path": [
								"api",
								"v1",
								"auth",
								"users",
								":userID"
							],
							"variable": [
								{
									"key": "userID",
									"value": "23"
								}
							]
						}
					},
					"response": []
				}
			]
		},
		{
			"name": "Booking",
			"item": [
				{
					"name": "Get All Bookings",
					"request": {
						"method": "GET",
						"header": [],
						"url": {
							"raw": "{{URL}}/api/v1/bookings",
							"host": [
								"{{URL}}"
							],
							"path": [
								"api",
								"v1",
								"bookings"
							]
						}
					},
					"response": []
				},
				{
					"name": "Get Single Booking",
					"request": {
						"auth": {
							"type": "bearer",
							"bearer": [
								{
									"key": "token",
									"value": "{{TOKEN}}",
									"type": "string"
								}
							]
						},
						"method": "GET",
						"header": [],
						"url": {
							"raw": "{{URL}}/api/v1/bookings/:bookingID",
							"host": [
								"{{URL}}"
							],
							"path": [
								"api",
								"v1",
								"bookings",
								":bookingID"
							],
							"variable": [
								{
									"key": "bookingID",
									"value": "10"
								}
							]
						}
					},
					"response": []
				},
				{
					"name": "Create New Booking",
					"event": [
						{
							"listen": "prerequest",
							"script": {
								"exec": [
									"pm.environment.set(\"randomUserID\", Math.floor(Math.random() * 10) + 1);\r",
									"pm.environment.set(\"randomDentistID\", Math.floor(Math.random() * 10) + 1);\r",
									"\r",
									"function getRandomDate(startDate, endDate) {\r",
									"    const start = new Date(startDate);\r",
									"    const end = new Date(endDate);\r",
									"    const randomTime = start.getTime() + Math.random() * (end.getTime() - start.getTime());\r",
									"    return new Date(randomTime).toISOString().split('T')[0];\r",
									"}\r",
									"\r",
									"const randomDate = getRandomDate('2020-01-01', '2025-12-31');\r",
									"\r",
									"pm.environment.set('randomDate', randomDate);\r",
									""
								],
								"type": "text/javascript",
								"packages": {}
							}
						}
					],
					"request": {
						"auth": {
							"type": "bearer",
							"bearer": [
								{
									"key": "token",
									"value": "{{TOKEN}}",
									"type": "string"
								}
							]
						},
						"method": "POST",
						"header": [
							{
								"key": "Content-Type",
								"value": "application/json",
								"description": "JSON Typе",
								"type": "text"
							}
						],
						"body": {
							"mode": "raw",
							"raw": "{\r\n    \"userID\": \"21\",\r\n    \"dentistID\": \"7\",\r\n    \"date\": \"{{randomDate}}\"\r\n}\r\n",
							"options": {
								"raw": {
									"language": "json"
								}
							}
						},
						"url": {
							"raw": "{{URL}}/api/v1/bookings",
							"host": [
								"{{URL}}"
							],
							"path": [
								"api",
								"v1",
								"bookings"
							]
						}
					},
					"response": []
				},
				{
					"name": "Update Single Booking",
					"event": [
						{
							"listen": "test",
							"script": {
								"exec": [
									"pm.environment.set(\"randomUserID\", Math.floor(Math.random() * 10) + 1);\r",
									"pm.environment.set(\"randomDentistID\", Math.floor(Math.random() * 10) + 1);\r",
									"\r",
									"function getRandomDate(startDate, endDate) {\r",
									"    const start = new Date(startDate);\r",
									"    const end = new Date(endDate);\r",
									"    const randomTime = start.getTime() + Math.random() * (end.getTime() - start.getTime());\r",
									"    return new Date(randomTime).toISOString().split('T')[0];\r",
									"}\r",
									"\r",
									"const randomDate = getRandomDate('2020-01-01', '2025-12-31');\r",
									"\r",
									"pm.environment.set('randomDate', randomDate);\r",
									""
								],
								"type": "text/javascript",
								"packages": {}
							}
						}
					],
					"request": {
						"auth": {
							"type": "bearer",
							"bearer": [
								{
									"key": "token",
									"value": "{{TOKEN}}",
									"type": "string"
								}
							]
						},
						"method": "PUT",
						"header": [
							{
								"key": "Content-Type",
								"value": "application/json",
								"description": "JSON Typе",
								"type": "text"
							}
						],
						"body": {
							"mode": "raw",
							"raw": "{\r\n    \"userID\": \"{{randomUserID}}\",\r\n    \"dentistID\": \"{{randomDentistID}}\",\r\n    \"date\": \"{{randomDate}}\"\r\n}\r\n",
							"options": {
								"raw": {
									"language": "json"
								}
							}
						},
						"url": {
							"raw": "{{URL}}/api/v1/bookings/:bookingID",
							"host": [
								"{{URL}}"
							],
							"path": [
								"api",
								"v1",
								"bookings",
								":bookingID"
							],
							"variable": [
								{
									"key": "bookingID",
									"value": "1"
								}
							]
						}
					},
					"response": []
				},
				{
					"name": "Delete Single Booking",
					"request": {
						"auth": {
							"type": "bearer",
							"bearer": [
								{
									"key": "token",
									"value": "{{TOKEN}}",
									"type": "string"
								}
							]
						},
						"method": "DELETE",
						"header": [],
						"url": {
							"raw": "{{URL}}/api/v1/bookings/:bookingID",
							"host": [
								"{{URL}}"
							],
							"path": [
								"api",
								"v1",
								"bookings",
								":bookingID"
							],
							"variable": [
								{
									"key": "bookingID",
									"value": "3"
								}
							]
						}
					},
					"response": []
				},
				{
					"name": "Get My Booking",
					"request": {
						"auth": {
							"type": "bearer",
							"bearer": [
								{
									"key": "token",
									"value": "{{TOKEN}}",
									"type": "string"
								}
							]
						},
						"method": "GET",
						"header": [],
						"url": {
							"raw": "{{URL}}/api/v1/bookings/me",
							"host": [
								"{{URL}}"
							],
							"path": [
								"api",
								"v1",
								"bookings",
								"me"
							]
						}
					},
					"response": []
				},
				{
					"name": "Create My Booking",
					"event": [
						{
							"listen": "test",
							"script": {
								"exec": [
									"function getRandomDate(startDate, endDate) {\r",
									"    const start = new Date(startDate);\r",
									"    const end = new Date(endDate);\r",
									"    const randomTime = start.getTime() + Math.random() * (end.getTime() - start.getTime());\r",
									"    return new Date(randomTime).toISOString().split('T')[0];\r",
									"}\r",
									"\r",
									"const randomDate = getRandomDate('2020-01-01', '2025-12-31');\r",
									"\r",
									"pm.environment.set('randomDate', randomDate);\r",
									""
								],
								"type": "text/javascript",
								"packages": {}
							}
						}
					],
					"request": {
						"auth": {
							"type": "bearer",
							"bearer": [
								{
									"key": "token",
									"value": "{{TOKEN}}",
									"type": "string"
								}
							]
						},
						"method": "POST",
						"header": [],
						"body": {
							"mode": "raw",
							"raw": "{\r\n    \"dentistID\": \"7\",\r\n    \"date\": \"{{randomDate}}\"\r\n}\r\n",
							"options": {
								"raw": {
									"language": "json"
								}
							}
						},
						"url": {
							"raw": "{{URL}}/api/v1/bookings/me",
							"host": [
								"{{URL}}"
							],
							"path": [
								"api",
								"v1",
								"bookings",
								"me"
							]
						}
					},
					"response": []
				},
				{
					"name": "Update My Booking",
					"event": [
						{
							"listen": "test",
							"script": {
								"exec": [
									"function getRandomDate(startDate, endDate) {\r",
									"    const start = new Date(startDate);\r",
									"    const end = new Date(endDate);\r",
									"    const randomTime = start.getTime() + Math.random() * (end.getTime() - start.getTime());\r",
									"    return new Date(randomTime).toISOString().split('T')[0];\r",
									"}\r",
									"\r",
									"const randomDate = getRandomDate('2020-01-01', '2025-12-31');\r",
									"\r",
									"pm.environment.set('randomDate', randomDate);\r",
									""
								],
								"type": "text/javascript",
								"packages": {}
							}
						}
					],
					"request": {
						"auth": {
							"type": "bearer",
							"bearer": [
								{
									"key": "token",
									"value": "{{TOKEN}}",
									"type": "string"
								}
							]
						},
						"method": "PUT",
						"header": [],
						"body": {
							"mode": "raw",
							"raw": "{\r\n    \"dentistID\": \"7\",\r\n    \"date\": \"{{randomDate}}\"\r\n}",
							"options": {
								"raw": {
									"language": "json"
								}
							}
						},
						"url": {
							"raw": "{{URL}}/api/v1/bookings/me",
							"host": [
								"{{URL}}"
							],
							"path": [
								"api",
								"v1",
								"bookings",
								"me"
							]
						}
					},
					"response": []
				},
				{
					"name": "Delete My Booking",
					"request": {
						"auth": {
							"type": "bearer",
							"bearer": [
								{
									"key": "token",
									"value": "{{TOKEN}}",
									"type": "string"
								}
							]
						},
						"method": "DELETE",
						"header": [],
						"url": {
							"raw": "{{URL}}/api/v1/bookings/me",
							"host": [
								"{{URL}}"
							],
							"path": [
								"api",
								"v1",
								"bookings",
								"me"
							]
						}
					},
					"response": []
				}
			]
		}
	],
	"event": [
		{
			"listen": "prerequest",
			"script": {
				"type": "text/javascript",
				"packages": {},
				"exec": [
					""
				]
			}
		},
		{
			"listen": "test",
			"script": {
				"type": "text/javascript",
				"packages": {},
				"exec": [
					""
				]
			}
		}
	],
	"variable": [
		{
			"key": "{{URL}}",
			"value": "http://localhost:5000",
			"type": "string"
		}
	]
}